,0
0,GO:0007005
1,GO:0000003
2,GO:0008150
3,GO:0016765
4,GO:0007033
5,GO:0006281
6,GO:0004520
7,GO:0000015
8,GO:1902494
9,GO:0004553
10,GO:0000018
11,GO:0051052
12,GO:1903047
13,GO:0005984
14,GO:0000027
15,GO:0022618
16,GO:0000028
17,GO:0016758
18,GO:0016740
19,GO:0016814
20,GO:0019239
21,GO:0005488
22,GO:0000036
23,GO:0044620
24,GO:0140414
25,GO:0006631
26,GO:0000041
27,GO:0030001
28,GO:0000045
29,GO:0070925
30,GO:1905037
31,GO:0016755
32,GO:0000049
33,GO:0003723
34,GO:0019627
35,GO:0043604
36,GO:1901566
37,GO:1901605
38,GO:0006575
39,GO:0072350
40,GO:0051656
41,GO:0008324
42,GO:0000075
43,GO:0009987
44,GO:0045786
45,GO:0031570
46,GO:0006974
47,GO:0000079
48,GO:0071900
49,GO:1904029
50,GO:0044772
51,GO:0006355
52,GO:1901682
53,GO:0000096
54,GO:0006520
55,GO:0006790
56,GO:0000097
57,GO:0008652
58,GO:0044272
59,GO:0009063
60,GO:0015171
61,GO:0006865
62,GO:0072348
63,GO:0000103
64,GO:0016627
65,GO:0000105
66,GO:0006547
67,GO:0009073
68,GO:0018130
69,GO:1901607
70,GO:0000107
71,GO:0016763
72,GO:1990391
73,GO:0005667
74,GO:0016791
75,GO:0000122
76,GO:0006357
77,GO:0045892
78,GO:0000123
79,GO:0031248
80,GO:1905368
81,GO:0051703
82,GO:0110165
83,GO:0032991
84,GO:0098796
85,GO:0000139
86,GO:0098588
87,GO:0016616
88,GO:0003774
89,GO:0022607
90,GO:0098797
91,GO:1990234
92,GO:0000149
93,GO:0005515
94,GO:0140097
95,GO:0000151
96,GO:0000154
97,GO:0006364
98,GO:0009451
99,GO:0000155
100,GO:0004673
101,GO:0140299
102,GO:0060089
103,GO:0000160
104,GO:0035556
105,GO:0000162
106,GO:0006568
107,GO:0046219
108,GO:0000165
109,GO:0023014
110,GO:0000166
111,GO:0036094
112,GO:1901265
113,GO:0000187
114,GO:0016491
115,GO:0004540
116,GO:0000175
117,GO:0008408
118,GO:0016896
119,GO:0000179
120,GO:0008170
121,GO:0016433
122,GO:1990837
123,GO:0000956
124,GO:0032147
125,GO:0043406
126,GO:0000209
127,GO:0016567
128,GO:0004551
129,GO:0007051
130,GO:1903046
131,GO:0004549
132,GO:0016773
133,GO:0140101
134,GO:0003677
135,GO:0016811
136,GO:0019213
137,GO:0000226
138,GO:0007010
139,GO:0007017
140,GO:0015291
141,GO:0022853
142,GO:0005694
143,GO:0008757
144,GO:0005684
145,GO:0016628
146,GO:0016863
147,GO:0016709
148,GO:0043603
149,GO:0046483
150,GO:1901360
151,GO:1901564
152,GO:0043605
153,GO:0046700
154,GO:1901361
155,GO:1901565
156,GO:0048285
157,GO:0015288
158,GO:0000270
159,GO:0030203
160,GO:0000271
161,GO:0005976
162,GO:0009059
163,GO:0016051
164,GO:0000272
165,GO:0009057
166,GO:0016052
167,GO:0098800
168,GO:0045261
169,GO:0045263
170,GO:0000278
171,GO:0007049
172,GO:0061640
173,GO:0016638
174,GO:0000287
175,GO:0046872
176,GO:0006401
177,GO:0006812
178,GO:0016462
179,GO:0000302
180,GO:0006979
181,GO:1901700
182,GO:0010035
183,GO:0031312
184,GO:1902554
185,GO:0070566
186,GO:0106130
187,GO:0005840
188,GO:0015935
189,GO:0015934
190,GO:0015698
191,GO:0015103
192,GO:0022402
193,GO:0005773
194,GO:0000323
195,GO:0098852
196,GO:0031410
197,GO:0016702
198,GO:0070646
199,GO:0000398
200,GO:0000377
201,GO:0000375
202,GO:0008380
203,GO:0016070
204,GO:0006396
205,GO:0048024
206,GO:0140098
207,GO:0006397
208,GO:0000413
209,GO:0016570
210,GO:0018208
211,GO:0005774
212,GO:0006914
213,GO:0045944
214,GO:0090575
215,GO:0031167
216,GO:0090503
217,GO:0030490
218,GO:0000470
219,GO:0000967
220,GO:0090501
221,GO:0090502
222,GO:0000502
223,GO:1905369
224,GO:0019104
225,GO:0000702
226,GO:0006298
227,GO:0051276
228,GO:0032508
229,GO:0006289
230,GO:0000723
231,GO:0006259
232,GO:0032200
233,GO:0060249
234,GO:0000724
235,GO:0000725
236,GO:0006302
237,GO:0006310
238,GO:0022414
239,GO:0090305
240,GO:0065004
241,GO:0071897
242,GO:0032392
243,GO:0006308
244,GO:0090174
245,GO:0048284
246,GO:0044764
247,GO:0003006
248,GO:0007154
249,GO:0000902
250,GO:0009914
251,GO:0015833
252,GO:0000774
253,GO:0030554
254,GO:0060590
255,GO:0000775
256,GO:0098687
257,GO:0000776
258,GO:0043232
259,GO:0099080
260,GO:0000777
261,GO:0000781
262,GO:0032993
263,GO:0000785
264,GO:0000786
265,GO:0044815
266,GO:0000790
267,GO:0043168
268,GO:0043178
269,GO:0016301
270,GO:0016776
271,GO:0090079
272,GO:0009653
273,GO:0000904
274,GO:0000906
275,GO:0016706
276,GO:0000910
277,GO:0032506
278,GO:0000917
279,GO:0090529
280,GO:0034622
281,GO:0000922
282,GO:0005815
283,GO:0000932
284,GO:0036464
285,GO:0046165
286,GO:0046394
287,GO:0009074
288,GO:0006633
289,GO:0006402
290,GO:0031329
291,GO:0051252
292,GO:0031331
293,GO:0051254
294,GO:0000966
295,GO:0031123
296,GO:0034471
297,GO:0000976
298,GO:0001067
299,GO:0000977
300,GO:0000978
301,GO:0000987
302,GO:0000981
303,GO:0003700
304,GO:0061629
305,GO:0006366
306,GO:0070063
307,GO:0003899
308,GO:0006351
309,GO:0003676
310,GO:0140110
311,GO:0008134
312,GO:0044877
313,GO:1901991
314,GO:0001101
315,GO:0042221
316,GO:0032774
317,GO:0043933
318,GO:0032984
319,GO:0071824
320,GO:0006352
321,GO:0006354
322,GO:0006353
323,GO:0001172
324,GO:0097659
325,GO:0051128
326,GO:0034728
327,GO:0001216
328,GO:0001217
329,GO:0001227
330,GO:0001228
331,GO:0006325
332,GO:0006464
333,GO:0008104
334,GO:0034599
335,GO:0006260
336,GO:0007165
337,GO:0008514
338,GO:0015605
339,GO:0015711
340,GO:0015748
341,GO:0098656
342,GO:0048468
343,GO:0030427
344,GO:0051286
345,GO:0001501
346,GO:0048731
347,GO:0001503
348,GO:0032501
349,GO:0001505
350,GO:0098657
351,GO:0065008
352,GO:0042391
353,GO:0001510
354,GO:0043414
355,GO:0048018
356,GO:0099513
357,GO:0001522
358,GO:0001525
359,GO:0048646
360,GO:0099512
361,GO:0008289
362,GO:0097367
363,GO:0005126
364,GO:0005886
365,GO:0001539
366,GO:0048870
367,GO:0042277
368,GO:0048608
369,GO:0040007
370,GO:0048589
371,GO:0022412
372,GO:0030855
373,GO:0048588
374,GO:0048469
375,GO:0001558
376,GO:0040008
377,GO:0009062
378,GO:0019395
379,GO:0051707
380,GO:0038023
381,GO:0016705
382,GO:0048856
383,GO:0030154
384,GO:0004888
385,GO:0015908
386,GO:0008528
387,GO:0004930
388,GO:0001653
389,GO:0001654
390,GO:0007423
391,GO:0001822
392,GO:0048871
393,GO:0001664
394,GO:0005102
395,GO:0001666
396,GO:0006950
397,GO:0036293
398,GO:0001667
399,GO:0016477
400,GO:0030141
401,GO:0008047
402,GO:1902275
403,GO:0001676
404,GO:0042593
405,GO:0055082
406,GO:0001682
407,GO:0099116
408,GO:0006576
409,GO:0052803
410,GO:0019438
411,GO:0042401
412,GO:1901362
413,GO:0042402
414,GO:0052805
415,GO:0009792
416,GO:0001701
417,GO:0043009
418,GO:0001708
419,GO:0048869
420,GO:0016641
421,GO:0019988
422,GO:0120025
423,GO:0001732
424,GO:0002009
425,GO:0009952
426,GO:0016620
427,GO:0016831
428,GO:0015804
429,GO:0001763
430,GO:0071709
431,GO:0002274
432,GO:0001775
433,GO:0002376
434,GO:0048872
435,GO:0030098
436,GO:0005543
437,GO:0072341
438,GO:0001816
439,GO:0010467
440,GO:0001817
441,GO:0010468
442,GO:0051239
443,GO:0001818
444,GO:0010629
445,GO:0051241
446,GO:0001819
447,GO:0010628
448,GO:0051240
449,GO:0023061
450,GO:0046903
451,GO:0048513
452,GO:0045165
453,GO:0048598
454,GO:0008283
455,GO:0060429
456,GO:0016050
457,GO:0045087
458,GO:0045088
459,GO:0045824
460,GO:0045089
461,GO:0009620
462,GO:0043112
463,GO:0001882
464,GO:0097159
465,GO:1901363
466,GO:0001883
467,GO:0002064
468,GO:0044237
469,GO:0008375
470,GO:0001889
471,GO:0048732
472,GO:0048568
473,GO:0001894
474,GO:0012501
475,GO:0043903
476,GO:0001906
477,GO:0051701
478,GO:0002703
479,GO:0002705
480,GO:0023051
481,GO:0031323
482,GO:0060255
483,GO:0010605
484,GO:0023057
485,GO:0031324
486,GO:0010604
487,GO:0023056
488,GO:0031325
489,GO:0017157
490,GO:0043254
491,GO:0031333
492,GO:0031334
493,GO:0001932
494,GO:0031399
495,GO:0042325
496,GO:0001933
497,GO:0031400
498,GO:0042326
499,GO:0001934
500,GO:0031401
501,GO:0042327
502,GO:0001936
503,GO:0050678
504,GO:0050680
505,GO:0050679
506,GO:0061024
507,GO:0010810
508,GO:0071695
509,GO:0046928
510,GO:0050806
511,GO:1903532
512,GO:0001959
513,GO:0009966
514,GO:0060759
515,GO:0001960
516,GO:0009968
517,GO:0060761
518,GO:0009967
519,GO:0007268
520,GO:0009605
521,GO:0042330
522,GO:0033293
523,GO:0050877
524,GO:0003018
525,GO:0009306
526,GO:0010817
527,GO:0009593
528,GO:0048729
529,GO:0002020
530,GO:0019899
531,GO:0031667
532,GO:0008016
533,GO:0010959
534,GO:0006468
535,GO:0097746
536,GO:0030155
537,GO:0017000
538,GO:0044271
539,GO:0050769
540,GO:0008284
541,GO:0051603
542,GO:0061025
543,GO:0098589
544,GO:0030667
545,GO:0043467
546,GO:0035601
547,GO:0022603
548,GO:0045995
549,GO:0004659
550,GO:0002097
551,GO:0006400
552,GO:0002098
553,GO:0019955
554,GO:0006816
555,GO:0043235
556,GO:0007610
557,GO:0030488
558,GO:0072330
559,GO:0034227
560,GO:0043436
561,GO:0072593
562,GO:0044283
563,GO:0044282
564,GO:0003727
565,GO:0009755
566,GO:0030522
567,GO:0002161
568,GO:0052689
569,GO:0007275
570,GO:0009791
571,GO:0098798
572,GO:0034613
573,GO:1990204
574,GO:0002181
575,GO:0006412
576,GO:0006414
577,GO:0002183
578,GO:0006413
579,GO:0006415
580,GO:0061695
581,GO:0006952
582,GO:0009611
583,GO:0098542
584,GO:0002253
585,GO:0002429
586,GO:0030595
587,GO:0009595
588,GO:0002237
589,GO:0010033
590,GO:0043207
591,GO:0002250
592,GO:0006955
593,GO:0002252
594,GO:0050778
595,GO:0002263
596,GO:0045321
597,GO:0002366
598,GO:0002275
599,GO:0002283
600,GO:0042119
601,GO:0046649
602,GO:0042110
603,GO:0042113
604,GO:0009607
605,GO:0015914
606,GO:0002757
607,GO:0002768
608,GO:0006954
609,GO:0019882
610,GO:0006959
611,GO:0006869
612,GO:0002521
613,GO:0050900
614,GO:0016485
615,GO:0046907
616,GO:0051649
617,GO:0043299
618,GO:0030099
619,GO:0045055
620,GO:0002682
621,GO:0002683
622,GO:0002684
623,GO:1903050
624,GO:1903052
625,GO:0002697
626,GO:0002698
627,GO:0002699
628,GO:0002822
629,GO:0051093
630,GO:0051094
631,GO:0002700
632,GO:0010556
633,GO:0010558
634,GO:0010557
635,GO:2000026
636,GO:0050727
637,GO:0050728
638,GO:0050729
639,GO:0050789
640,GO:0048519
641,GO:0048518
642,GO:0002685
643,GO:0030334
644,GO:0030336
645,GO:0002687
646,GO:0030335
647,GO:0050920
648,GO:0050921
649,GO:0002694
650,GO:0050865
651,GO:0002695
652,GO:0050866
653,GO:0002696
654,GO:0050867
655,GO:0002706
656,GO:0050776
657,GO:0050777
658,GO:0002764
659,GO:0002831
660,GO:0032101
661,GO:0002833
662,GO:0032103
663,GO:0045637
664,GO:1902105
665,GO:1902107
666,GO:0007166
667,GO:0002790
668,GO:0043043
669,GO:0031348
670,GO:0002791
671,GO:0051046
672,GO:0090087
673,GO:0051048
674,GO:0002793
675,GO:0051047
676,GO:0031349
677,GO:0031326
678,GO:0034248
679,GO:0031327
680,GO:0034249
681,GO:0031328
682,GO:0034250
683,GO:0002819
684,GO:0048583
685,GO:0002832
686,GO:0048585
687,GO:0048584
688,GO:0009058
689,GO:0009888
690,GO:0030258
691,GO:0045216
692,GO:0002935
693,GO:0008169
694,GO:0016426
695,GO:0002949
696,GO:0070525
697,GO:0016780
698,GO:0016853
699,GO:0003002
700,GO:0007389
701,GO:0032502
702,GO:0009887
703,GO:0003008
704,GO:0003012
705,GO:0003013
706,GO:0070482
707,GO:0007623
708,GO:0008217
709,GO:0006814
710,GO:1905114
711,GO:0007267
712,GO:2000027
713,GO:0060560
714,GO:0050794
715,GO:0050801
716,GO:0098742
717,GO:0016055
718,GO:0030111
719,GO:0030178
720,GO:1903530
721,GO:1903531
722,GO:0003333
723,GO:1905039
724,GO:0007018
725,GO:0099111
726,GO:0051272
727,GO:0051271
728,GO:0030182
729,GO:0048666
730,GO:0051258
731,GO:0032271
732,GO:0007186
733,GO:0031175
734,GO:0007155
735,GO:0120039
736,GO:0033043
737,GO:0042127
738,GO:0051301
739,GO:0051302
740,GO:0051493
741,GO:0010646
742,GO:0003674
743,GO:0003678
744,GO:0004386
745,GO:0008094
746,GO:0003682
747,GO:0003684
748,GO:0003688
749,GO:0003690
750,GO:0003697
751,GO:0003712
752,GO:0003713
753,GO:0003714
754,GO:0003724
755,GO:0003725
756,GO:0003729
757,GO:0003735
758,GO:0005198
759,GO:0003743
760,GO:0008135
761,GO:0003746
762,GO:0003747
763,GO:0008079
764,GO:0003755
765,GO:0016859
766,GO:0140096
767,GO:0017111
768,GO:0003779
769,GO:0008092
770,GO:0051015
771,GO:0061783
772,GO:0003824
773,GO:0035251
774,GO:0016787
775,GO:0016874
776,GO:0016842
777,GO:0016646
778,GO:0050308
779,GO:0046912
780,GO:0003855
781,GO:0016836
782,GO:0003856
783,GO:0016838
784,GO:0003861
785,GO:0003864
786,GO:0016742
787,GO:0003866
788,GO:0008483
789,GO:0008172
790,GO:0016799
791,GO:0003879
792,GO:0003883
793,GO:0016879
794,GO:0003887
795,GO:0034061
796,GO:0034062
797,GO:0003906
798,GO:0003909
799,GO:0016886
800,GO:0003911
801,GO:0016779
802,GO:0016830
803,GO:0003916
804,GO:0016657
805,GO:0003922
806,GO:0016884
807,GO:0004197
808,GO:0003924
809,GO:0003933
810,GO:0019238
811,GO:0003934
812,GO:0016841
813,GO:0003949
814,GO:0016861
815,GO:0003951
816,GO:0003954
817,GO:0016651
818,GO:0016655
819,GO:0015078
820,GO:0003968
821,GO:0016857
822,GO:0003977
823,GO:0070569
824,GO:0016744
825,GO:0016405
826,GO:0016878
827,GO:0003989
828,GO:0016421
829,GO:0003991
830,GO:0016774
831,GO:0016818
832,GO:0003999
833,GO:0019206
834,GO:0016849
835,GO:0004017
836,GO:0050145
837,GO:0004019
838,GO:0016413
839,GO:0016813
840,GO:0016812
841,GO:0008080
842,GO:0004045
843,GO:0008168
844,GO:0004048
845,GO:0016833
846,GO:0016775
847,GO:0019202
848,GO:0004055
849,GO:0004056
850,GO:0004070
851,GO:0016743
852,GO:0004076
853,GO:0016783
854,GO:0016868
855,GO:0004096
856,GO:0004601
857,GO:0070567
858,GO:0016866
859,GO:0004107
860,GO:0008081
861,GO:0016846
862,GO:0004127
863,GO:0004129
864,GO:0009055
865,GO:0015002
866,GO:0016676
867,GO:0016832
868,GO:0016882
869,GO:0016668
870,GO:0004152
871,GO:0016635
872,GO:0004160
873,GO:0004170
874,GO:0047429
875,GO:0008374
876,GO:0004175
877,GO:0070011
878,GO:0016887
879,GO:0004177
880,GO:0008238
881,GO:0004180
882,GO:0008235
883,GO:0004190
884,GO:0070001
885,GO:0008234
886,GO:0004222
887,GO:0008237
888,GO:0004252
889,GO:0008236
890,GO:0004298
891,GO:0070003
892,GO:0004311
893,GO:0004312
894,GO:0016747
895,GO:0004315
896,GO:0004317
897,GO:0019171
898,GO:0004325
899,GO:0016829
900,GO:0016881
901,GO:0019200
902,GO:0015926
903,GO:0016614
904,GO:0004347
905,GO:0004350
906,GO:0004359
907,GO:0016209
908,GO:0004367
909,GO:0047952
910,GO:0004372
911,GO:0004375
912,GO:0016642
913,GO:0016410
914,GO:0004400
915,GO:0016790
916,GO:0004424
917,GO:0004455
918,GO:0016615
919,GO:0004477
920,GO:0004478
921,GO:0004479
922,GO:0008171
923,GO:0004486
924,GO:0004488
925,GO:0016854
926,GO:0004497
927,GO:0004518
928,GO:0016788
929,GO:0004519
930,GO:0004536
931,GO:0004521
932,GO:0004523
933,GO:0016891
934,GO:0004525
935,GO:0032296
936,GO:0004526
937,GO:0004527
938,GO:0004529
939,GO:0016888
940,GO:0016889
941,GO:0004532
942,GO:0008409
943,GO:0004550
944,GO:0019205
945,GO:0016798
946,GO:0046527
947,GO:0004590
948,GO:0004592
949,GO:0004594
950,GO:0004595
951,GO:0016684
952,GO:0016671
953,GO:0004611
954,GO:0004618
955,GO:0004619
956,GO:0004620
957,GO:0016298
958,GO:0004623
959,GO:0004634
960,GO:0004639
961,GO:0004642
962,GO:0004652
963,GO:0004654
964,GO:0016645
965,GO:0016860
966,GO:0004672
967,GO:0004674
968,GO:0019199
969,GO:0045182
970,GO:0030234
971,GO:0004713
972,GO:0004721
973,GO:0004722
974,GO:0004725
975,GO:0004731
976,GO:0016885
977,GO:0016903
978,GO:0004764
979,GO:0004765
980,GO:0004774
981,GO:0004775
982,GO:0015036
983,GO:0004798
984,GO:0042083
985,GO:0019203
986,GO:0004807
987,GO:0008175
988,GO:0016423
989,GO:0004810
990,GO:1990817
991,GO:0004812
992,GO:0016875
993,GO:0004813
994,GO:0004814
995,GO:0004815
996,GO:0004817
997,GO:0004818
998,GO:0004820
999,GO:0004821
1000,GO:0004822
1001,GO:0004823
1002,GO:0004824
1003,GO:0004826
1004,GO:0004827
1005,GO:0004828
1006,GO:0004829
1007,GO:0004831
1008,GO:0004834
1009,GO:0004842
1010,GO:0019787
1011,GO:0004843
1012,GO:0036459
1013,GO:0004845
1014,GO:0004853
1015,GO:0016726
1016,GO:0004857
1017,GO:0019887
1018,GO:0019888
1019,GO:0004866
1020,GO:0030414
1021,GO:0061135
1022,GO:0004867
1023,GO:0140375
1024,GO:0099094
1025,GO:0022843
1026,GO:0004984
1027,GO:0043021
1028,GO:0019900
1029,GO:0019901
1030,GO:0005085
1031,GO:0051020
1032,GO:0098772
1033,GO:0017016
1034,GO:0017048
1035,GO:0030695
1036,GO:0030674
1037,GO:0005096
1038,GO:0070851
1039,GO:0005125
1040,GO:0051427
1041,GO:0005178
1042,GO:0050839
1043,GO:0005179
1044,GO:0005200
1045,GO:0005215
1046,GO:0005216
1047,GO:0015075
1048,GO:0015267
1049,GO:0015318
1050,GO:0015276
1051,GO:0005253
1052,GO:0005261
1053,GO:0005267
1054,GO:0022829
1055,GO:0005244
1056,GO:0022832
1057,GO:0005262
1058,GO:0099106
1059,GO:0005254
1060,GO:0015108
1061,GO:0022890
1062,GO:0015085
1063,GO:0015079
1064,GO:0015081
1065,GO:0042887
1066,GO:0022857
1067,GO:0015299
1068,GO:0015491
1069,GO:0046943
1070,GO:0005315
1071,GO:0005319
1072,GO:0015932
1073,GO:1901505
1074,GO:0005342
1075,GO:0005344
1076,GO:0046915
1077,GO:0015662
1078,GO:0019829
1079,GO:0008556
1080,GO:0015144
1081,GO:0015294
1082,GO:0005496
1083,GO:0042562
1084,GO:0019842
1085,GO:0005506
1086,GO:0046914
1087,GO:0005507
1088,GO:0005509
1089,GO:0051592
1090,GO:0005516
1091,GO:0019838
1092,GO:0005524
1093,GO:0032559
1094,GO:0035639
1095,GO:0005525
1096,GO:0032550
1097,GO:0032561
1098,GO:0008144
1099,GO:0033218
1100,GO:0048029
1101,GO:0005539
1102,GO:0031406
1103,GO:0035091
1104,GO:1902936
1105,GO:1901981
1106,GO:0005575
1107,GO:0005576
1108,GO:0046930
1109,GO:0062023
1110,GO:0005615
1111,GO:0005618
1112,GO:0030312
1113,GO:0016020
1114,GO:0005811
1115,GO:0005634
1116,GO:0043231
1117,GO:0005635
1118,GO:0031967
1119,GO:0019866
1120,GO:0031965
1121,GO:0005882
1122,GO:0031301
1123,GO:0031968
1124,GO:0031970
1125,GO:0005643
1126,GO:0005654
1127,GO:0031461
1128,GO:0005681
1129,GO:1990904
1130,GO:0030532
1131,GO:0005730
1132,GO:0005737
1133,GO:0005739
1134,GO:0005741
1135,GO:0031966
1136,GO:0005743
1137,GO:0070469
1138,GO:0045271
1139,GO:0045275
1140,GO:0045277
1141,GO:0005758
1142,GO:0005759
1143,GO:0070013
1144,GO:0005764
1145,GO:0005765
1146,GO:0005768
1147,GO:0005769
1148,GO:0005770
1149,GO:0098805
1150,GO:0005777
1151,GO:0042579
1152,GO:0005783
1153,GO:0005788
1154,GO:0005789
1155,GO:0031090
1156,GO:0005794
1157,GO:0098791
1158,GO:0005802
1159,GO:0005813
1160,GO:0005814
1161,GO:0005819
1162,GO:0005829
1163,GO:0005833
1164,GO:0005839
1165,GO:0005852
1166,GO:0005856
1167,GO:0005875
1168,GO:0005874
1169,GO:0005887
1170,GO:0016021
1171,GO:0031226
1172,GO:0034702
1173,GO:0098802
1174,GO:1902911
1175,GO:0044853
1176,GO:0098858
1177,GO:0098590
1178,GO:0005911
1179,GO:0070161
1180,GO:0005912
1181,GO:0005925
1182,GO:0030055
1183,GO:0005929
1184,GO:0043226
1185,GO:0005938
1186,GO:0005960
1187,GO:0005975
1188,GO:0044238
1189,GO:0071704
1190,GO:0043170
1191,GO:0005977
1192,GO:0006073
1193,GO:0006112
1194,GO:0005978
1195,GO:0009250
1196,GO:0009251
1197,GO:0044247
1198,GO:0009311
1199,GO:0044262
1200,GO:0005996
1201,GO:0044281
1202,GO:0019321
1203,GO:0019323
1204,GO:0019318
1205,GO:0019320
1206,GO:0006796
1207,GO:0019637
1208,GO:1901135
1209,GO:0006006
1210,GO:0016310
1211,GO:0006793
1212,GO:0009225
1213,GO:0006015
1214,GO:0046390
1215,GO:0046391
1216,GO:0046385
1217,GO:0046386
1218,GO:0019751
1219,GO:0034637
1220,GO:0046173
1221,GO:0006022
1222,GO:0006023
1223,GO:1901137
1224,GO:0006024
1225,GO:0006026
1226,GO:1901136
1227,GO:0009100
1228,GO:1901071
1229,GO:0006040
1230,GO:0006047
1231,GO:0006048
1232,GO:0009226
1233,GO:0046349
1234,GO:0046348
1235,GO:0006054
1236,GO:0019752
1237,GO:0019400
1238,GO:0032787
1239,GO:0046365
1240,GO:0072329
1241,GO:0006066
1242,GO:1901615
1243,GO:0034308
1244,GO:0006091
1245,GO:0055114
1246,GO:0006071
1247,GO:0006072
1248,GO:0052646
1249,GO:0044042
1250,GO:0044264
1251,GO:0051273
1252,GO:0006081
1253,GO:0006082
1254,GO:0006084
1255,GO:0006637
1256,GO:0006085
1257,GO:0071616
1258,GO:0006090
1259,GO:0006089
1260,GO:0006094
1261,GO:0019319
1262,GO:0006096
1263,GO:0006757
1264,GO:0006098
1265,GO:0006740
1266,GO:0051156
1267,GO:0006099
1268,GO:1902652
1269,GO:0043648
1270,GO:0006105
1271,GO:0006109
1272,GO:0080090
1273,GO:0010906
1274,GO:0043255
1275,GO:0015980
1276,GO:0019674
1277,GO:0006119
1278,GO:0046034
1279,GO:0022904
1280,GO:0044267
1281,GO:0042180
1282,GO:0006139
1283,GO:0006725
1284,GO:0034641
1285,GO:0019219
1286,GO:0019220
1287,GO:0062012
1288,GO:0006144
1289,GO:0009112
1290,GO:0072521
1291,GO:0046113
1292,GO:0072523
1293,GO:0046083
1294,GO:0009164
1295,GO:0042278
1296,GO:0006163
1297,GO:0009117
1298,GO:0006164
1299,GO:0009165
1300,GO:0072522
1301,GO:0006165
1302,GO:0009132
1303,GO:0046939
1304,GO:0006166
1305,GO:0043101
1306,GO:0043174
1307,GO:0046129
1308,GO:0006167
1309,GO:0009152
1310,GO:0009168
1311,GO:0046033
1312,GO:0006168
1313,GO:0043096
1314,GO:0046084
1315,GO:0046031
1316,GO:0006177
1317,GO:0046037
1318,GO:1901070
1319,GO:0006183
1320,GO:0009206
1321,GO:0046039
1322,GO:0006188
1323,GO:0046040
1324,GO:0006189
1325,GO:0009166
1326,GO:0006206
1327,GO:0072527
1328,GO:0006207
1329,GO:0019856
1330,GO:0072529
1331,GO:0019439
1332,GO:0019860
1333,GO:0009116
1334,GO:0006220
1335,GO:0006221
1336,GO:0072528
1337,GO:0006222
1338,GO:0009174
1339,GO:0009220
1340,GO:0046049
1341,GO:0043100
1342,GO:0006226
1343,GO:0009177
1344,GO:0009221
1345,GO:0046078
1346,GO:0009197
1347,GO:0006228
1348,GO:0009209
1349,GO:0046051
1350,GO:0009212
1351,GO:0046080
1352,GO:0006231
1353,GO:0046073
1354,GO:0006233
1355,GO:0046072
1356,GO:0006235
1357,GO:0046075
1358,GO:0010138
1359,GO:0006241
1360,GO:0046036
1361,GO:0006244
1362,GO:0044260
1363,GO:0090304
1364,GO:0034645
1365,GO:0006261
1366,GO:0006265
1367,GO:0071103
1368,GO:0006266
1369,GO:0006270
1370,GO:0006275
1371,GO:2000112
1372,GO:0006282
1373,GO:2001020
1374,GO:0006284
1375,GO:0006304
1376,GO:0043412
1377,GO:0044728
1378,GO:0034655
1379,GO:0044265
1380,GO:0006313
1381,GO:0032196
1382,GO:0006323
1383,GO:0016043
1384,GO:0006333
1385,GO:0006334
1386,GO:0006338
1387,GO:0016458
1388,GO:0045814
1389,GO:0097549
1390,GO:0016569
1391,GO:0040029
1392,GO:1903506
1393,GO:0016072
1394,GO:0034470
1395,GO:0006370
1396,GO:0009452
1397,GO:0016071
1398,GO:0008033
1399,GO:0006399
1400,GO:0034660
1401,GO:0033036
1402,GO:0050658
1403,GO:0051170
1404,GO:0006405
1405,GO:0051168
1406,GO:0006406
1407,GO:0051028
1408,GO:0043624
1409,GO:0006417
1410,GO:0010608
1411,GO:0032268
1412,GO:0006418
1413,GO:0043039
1414,GO:0006419
1415,GO:0006420
1416,GO:0006422
1417,GO:0006423
1418,GO:0006424
1419,GO:0006426
1420,GO:0006427
1421,GO:0006428
1422,GO:0006429
1423,GO:0006430
1424,GO:0006431
1425,GO:0006432
1426,GO:0006433
1427,GO:0006434
1428,GO:0006435
1429,GO:0006437
1430,GO:0006446
1431,GO:0043244
1432,GO:0006450
1433,GO:0006457
1434,GO:0036211
1435,GO:0006518
1436,GO:0006469
1437,GO:0033673
1438,GO:0045859
1439,GO:0006470
1440,GO:0016311
1441,GO:0006473
1442,GO:0043543
1443,GO:0051604
1444,GO:0006475
1445,GO:0018212
1446,GO:0006479
1447,GO:0008213
1448,GO:0070988
1449,GO:0006486
1450,GO:0043413
1451,GO:0006487
1452,GO:0008654
1453,GO:0044255
1454,GO:0006497
1455,GO:0006664
1456,GO:0046488
1457,GO:0006661
1458,GO:0009247
1459,GO:0006508
1460,GO:0019538
1461,GO:0006511
1462,GO:0019941
1463,GO:0006515
1464,GO:0030163
1465,GO:0010565
1466,GO:0006522
1467,GO:0009078
1468,GO:0006523
1469,GO:0009079
1470,GO:0006525
1471,GO:0009064
1472,GO:0006526
1473,GO:0009084
1474,GO:0006527
1475,GO:0009065
1476,GO:0009066
1477,GO:0009067
1478,GO:0009068
1479,GO:0043650
1480,GO:0006534
1481,GO:0009069
1482,GO:0006563
1483,GO:0019344
1484,GO:0006536
1485,GO:0006541
1486,GO:0006544
1487,GO:0006545
1488,GO:0009070
1489,GO:0006546
1490,GO:0009071
1491,GO:0009072
1492,GO:0006548
1493,GO:1901606
1494,GO:0006549
1495,GO:0009081
1496,GO:0006551
1497,GO:0006553
1498,GO:0006555
1499,GO:0006556
1500,GO:0046500
1501,GO:1901576
1502,GO:0006560
1503,GO:0006561
1504,GO:0006566
1505,GO:0006586
1506,GO:0006573
1507,GO:0044106
1508,GO:0006577
1509,GO:0042398
1510,GO:0044270
1511,GO:1901575
1512,GO:0018958
1513,GO:0019748
1514,GO:0042440
1515,GO:0042430
1516,GO:0006591
1517,GO:0006595
1518,GO:0006596
1519,GO:0006605
1520,GO:0006886
1521,GO:0006606
1522,GO:0017038
1523,GO:0034504
1524,GO:0072594
1525,GO:0006612
1526,GO:0090150
1527,GO:0045047
1528,GO:0065002
1529,GO:0007034
1530,GO:0072666
1531,GO:0006839
1532,GO:0072655
1533,GO:0006629
1534,GO:0008610
1535,GO:0046184
1536,GO:0006635
1537,GO:0033559
1538,GO:0009150
1539,GO:0033875
1540,GO:0034032
1541,GO:0035383
1542,GO:0006638
1543,GO:0006639
1544,GO:0046486
1545,GO:0006643
1546,GO:0006644
1547,GO:0006646
1548,GO:0046337
1549,GO:0046474
1550,GO:0006650
1551,GO:1903509
1552,GO:0006665
1553,GO:0034311
1554,GO:1901568
1555,GO:0006694
1556,GO:0008202
1557,GO:0008203
1558,GO:0016126
1559,GO:1901617
1560,GO:0044249
1561,GO:0042181
1562,GO:0016042
1563,GO:0046164
1564,GO:0006721
1565,GO:0034754
1566,GO:0006720
1567,GO:0046148
1568,GO:0042559
1569,GO:0006730
1570,GO:0008152
1571,GO:0006739
1572,GO:0006741
1573,GO:0019359
1574,GO:0046496
1575,GO:0006743
1576,GO:1901661
1577,GO:0006744
1578,GO:1901663
1579,GO:0006749
1580,GO:0006753
1581,GO:0055086
1582,GO:0006754
1583,GO:0046940
1584,GO:0006760
1585,GO:0042558
1586,GO:0009396
1587,GO:0006766
1588,GO:0006767
1589,GO:0006768
1590,GO:0072524
1591,GO:0006771
1592,GO:0042726
1593,GO:0006772
1594,GO:0042723
1595,GO:0006777
1596,GO:0019720
1597,GO:0090407
1598,GO:0006778
1599,GO:0033013
1600,GO:0006779
1601,GO:0033014
1602,GO:0006782
1603,GO:0046501
1604,GO:0006783
1605,GO:0042168
1606,GO:0044248
1607,GO:0006801
1608,GO:0006805
1609,GO:0006807
1610,GO:0006810
1611,GO:0051234
1612,GO:0006811
1613,GO:0006813
1614,GO:0015672
1615,GO:0070838
1616,GO:0006817
1617,GO:0006820
1618,GO:0006821
1619,GO:0072511
1620,GO:0006826
1621,GO:0006829
1622,GO:0006835
1623,GO:0046942
1624,GO:0015695
1625,GO:0015850
1626,GO:0015718
1627,GO:1990542
1628,GO:0070588
1629,GO:0015909
1630,GO:0055085
1631,GO:0008643
1632,GO:0015931
1633,GO:0071705
1634,GO:0042886
1635,GO:0071702
1636,GO:0006873
1637,GO:0006874
1638,GO:0006875
1639,GO:0055074
1640,GO:0072503
1641,GO:0030003
1642,GO:0055065
1643,GO:0046916
1644,GO:0006879
1645,GO:0055072
1646,GO:0030004
1647,GO:0008361
1648,GO:0019725
1649,GO:0006885
1650,GO:0055067
1651,GO:0015031
1652,GO:0006887
1653,GO:0016192
1654,GO:0032940
1655,GO:0006888
1656,GO:0048193
1657,GO:0006892
1658,GO:0016482
1659,GO:0006897
1660,GO:0006898
1661,GO:0008037
1662,GO:0006913
1663,GO:0051169
1664,GO:0061919
1665,GO:0006915
1666,GO:0043280
1667,GO:0022411
1668,GO:0006928
1669,GO:0120031
1670,GO:0031589
1671,GO:0007162
1672,GO:0006935
1673,GO:0006936
1674,GO:0006937
1675,GO:0090257
1676,GO:0019054
1677,GO:0050896
1678,GO:0006970
1679,GO:0009628
1680,GO:0033554
1681,GO:0034976
1682,GO:0071216
1683,GO:0035966
1684,GO:0009267
1685,GO:0006996
1686,GO:0007006
1687,GO:0007015
1688,GO:0097435
1689,GO:1902904
1690,GO:0031345
1691,GO:0120035
1692,GO:0007030
1693,GO:0034329
1694,GO:0007052
1695,GO:1902850
1696,GO:0007059
1697,GO:0033045
1698,GO:0045893
1699,GO:0030261
1700,GO:0007088
1701,GO:0007346
1702,GO:0010564
1703,GO:0051783
1704,GO:0007093
1705,GO:0045930
1706,GO:1901990
1707,GO:0016049
1708,GO:0022610
1709,GO:0098609
1710,GO:0048523
1711,GO:0007163
1712,GO:0007167
1713,GO:0007169
1714,GO:0010469
1715,GO:0007178
1716,GO:0007187
1717,GO:0007188
1718,GO:0007189
1719,GO:0019933
1720,GO:0050790
1721,GO:0007204
1722,GO:0051480
1723,GO:0007218
1724,GO:0051091
1725,GO:0018108
1726,GO:0019932
1727,GO:0007264
1728,GO:0007265
1729,GO:0023052
1730,GO:0098916
1731,GO:0007276
1732,GO:0048609
1733,GO:0007281
1734,GO:0007283
1735,GO:0048232
1736,GO:0045229
1737,GO:0044087
1738,GO:0017148
1739,GO:0044703
1740,GO:0009566
1741,GO:0051726
1742,GO:0007399
1743,GO:0050768
1744,GO:0007409
1745,GO:0048812
1746,GO:0007411
1747,GO:0097485
1748,GO:0050808
1749,GO:0007420
1750,GO:0035239
1751,GO:0035295
1752,GO:0045596
1753,GO:0007507
1754,GO:0061061
1755,GO:0019218
1756,GO:0048580
1757,GO:0046890
1758,GO:0032368
1759,GO:0046883
1760,GO:0007568
1761,GO:0007584
1762,GO:0050878
1763,GO:0021700
1764,GO:0007596
1765,GO:0007599
1766,GO:0050817
1767,GO:0007600
1768,GO:0007601
1769,GO:0050953
1770,GO:0007602
1771,GO:0009583
1772,GO:0007605
1773,GO:0050954
1774,GO:0007606
1775,GO:0007608
1776,GO:0007611
1777,GO:0050890
1778,GO:0007612
1779,GO:0007613
1780,GO:0048511
1781,GO:0007626
1782,GO:0009416
1783,GO:1903522
1784,GO:0008017
1785,GO:0015631
1786,GO:0008021
1787,GO:0070382
1788,GO:0008022
1789,GO:0044550
1790,GO:0008064
1791,GO:0030832
1792,GO:0110053
1793,GO:0016407
1794,GO:0042578
1795,GO:0008083
1796,GO:0010970
1797,GO:0008097
1798,GO:0019843
1799,GO:0008121
1800,GO:0016681
1801,GO:0008137
1802,GO:0050136
1803,GO:0140297
1804,GO:0016782
1805,GO:2000113
1806,GO:0019903
1807,GO:0016741
1808,GO:0008173
1809,GO:0008176
1810,GO:0008194
1811,GO:0016757
1812,GO:0008199
1813,GO:0008200
1814,GO:0016248
1815,GO:0008201
1816,GO:1901681
1817,GO:0016125
1818,GO:0008216
1819,GO:0008219
1820,GO:0008233
1821,GO:0017171
1822,GO:0008242
1823,GO:0008252
1824,GO:0008253
1825,GO:0008270
1826,GO:0008276
1827,GO:0048522
1828,GO:0008285
1829,GO:0008295
1830,GO:0016895
1831,GO:0070727
1832,GO:0008299
1833,GO:0044242
1834,GO:0008320
1835,GO:0022884
1836,GO:0140318
1837,GO:1904680
1838,GO:0043565
1839,GO:0031032
1840,GO:0030534
1841,GO:0032102
1842,GO:0008360
1843,GO:0022604
1844,GO:0032535
1845,GO:0022836
1846,GO:0008406
1847,GO:0008425
1848,GO:0030580
1849,GO:0016769
1850,GO:0008495
1851,GO:0030594
1852,GO:0022804
1853,GO:0008509
1854,GO:0090482
1855,GO:0015077
1856,GO:0015145
1857,GO:0017004
1858,GO:0009678
1859,GO:0043225
1860,GO:0042626
1861,GO:0042910
1862,GO:0048638
1863,GO:0051963
1864,GO:0018205
1865,GO:0008614
1866,GO:0042816
1867,GO:0008615
1868,GO:0042819
1869,GO:0008616
1870,GO:0042455
1871,GO:0046116
1872,GO:1901068
1873,GO:0097190
1874,GO:0097193
1875,GO:0016877
1876,GO:0015749
1877,GO:0008649
1878,GO:0140102
1879,GO:0016436
1880,GO:0062105
1881,GO:0008653
1882,GO:0008655
1883,GO:0034654
1884,GO:0043094
1885,GO:0008659
1886,GO:0016810
1887,GO:0008661
1888,GO:0008685
1889,GO:0008693
1890,GO:0008716
1891,GO:0008760
1892,GO:0008763
1893,GO:0047661
1894,GO:0016880
1895,GO:0008821
1896,GO:0016840
1897,GO:0008839
1898,GO:0008855
1899,GO:0008883
1900,GO:0008897
1901,GO:0016661
1902,GO:0008961
1903,GO:0008963
1904,GO:0008966
1905,GO:0008988
1906,GO:0016435
1907,GO:0008990
1908,GO:0009019
1909,GO:0009039
1910,GO:0009041
1911,GO:0009052
1912,GO:0009056
1913,GO:0009060
1914,GO:0045333
1915,GO:0009061
1916,GO:0046395
1917,GO:0009082
1918,GO:0009085
1919,GO:0009086
1920,GO:0009088
1921,GO:0009089
1922,GO:0046451
1923,GO:0009097
1924,GO:0009098
1925,GO:0009099
1926,GO:0009102
1927,GO:0042364
1928,GO:0009103
1929,GO:0033692
1930,GO:0009106
1931,GO:0009107
1932,GO:0009110
1933,GO:0009113
1934,GO:0046112
1935,GO:1901657
1936,GO:0009119
1937,GO:0009123
1938,GO:0009124
1939,GO:1901293
1940,GO:1901292
1941,GO:0009126
1942,GO:0009127
1943,GO:0009129
1944,GO:0009130
1945,GO:0009133
1946,GO:0009135
1947,GO:0009138
1948,GO:0009139
1949,GO:0009141
1950,GO:0009142
1951,GO:0009143
1952,GO:0009144
1953,GO:0009145
1954,GO:0009147
1955,GO:0009148
1956,GO:0009259
1957,GO:0009394
1958,GO:0009260
1959,GO:0009265
1960,GO:0009264
1961,GO:0009156
1962,GO:0009161
1963,GO:0009157
1964,GO:0009162
1965,GO:0009163
1966,GO:0034404
1967,GO:1901659
1968,GO:0034656
1969,GO:1901658
1970,GO:0009167
1971,GO:0009173
1972,GO:0009176
1973,GO:0009179
1974,GO:0009185
1975,GO:0009186
1976,GO:0009189
1977,GO:0009196
1978,GO:0009199
1979,GO:0009200
1980,GO:0009201
1981,GO:0009202
1982,GO:0009204
1983,GO:0009205
1984,GO:0009208
1985,GO:0009211
1986,GO:0009218
1987,GO:0009219
1988,GO:0009228
1989,GO:0042724
1990,GO:0009229
1991,GO:0042357
1992,GO:0009231
1993,GO:0042727
1994,GO:0009233
1995,GO:0009234
1996,GO:0009235
1997,GO:0009236
1998,GO:0009240
1999,GO:0046490
2000,GO:0009312
2001,GO:0009245
2002,GO:0046493
2003,GO:1901271
2004,GO:0046467
2005,GO:0009249
2006,GO:0009252
2007,GO:0044038
2008,GO:0009254
2009,GO:0046653
2010,GO:0046654
2011,GO:0019693
2012,GO:0009262
2013,GO:0009263
2014,GO:0009266
2015,GO:0031669
2016,GO:0042594
2017,GO:0009415
2018,GO:0009279
2019,GO:0019867
2020,GO:0009288
2021,GO:0042995
2022,GO:0043228
2023,GO:0009295
2024,GO:0030031
2025,GO:0035592
2026,GO:0009308
2027,GO:0009309
2028,GO:0009310
2029,GO:0009314
2030,GO:0009317
2031,GO:0009318
2032,GO:0070069
2033,GO:0009331
2034,GO:0009349
2035,GO:1902495
2036,GO:1905347
2037,GO:0009376
2038,GO:0031597
2039,GO:1904949
2040,GO:0009378
2041,GO:0009379
2042,GO:0033202
2043,GO:0009380
2044,GO:0009381
2045,GO:0016434
2046,GO:0016667
2047,GO:0019692
2048,GO:0046434
2049,GO:0009399
2050,GO:0071941
2051,GO:0009405
2052,GO:0044419
2053,GO:0098754
2054,GO:0009408
2055,GO:0009409
2056,GO:0009411
2057,GO:0009423
2058,GO:0046417
2059,GO:0009425
2060,GO:0009432
2061,GO:0031668
2062,GO:0009435
2063,GO:0046185
2064,GO:0009438
2065,GO:0042823
2066,GO:0036260
2067,GO:0009536
2068,GO:0009506
2069,GO:0009507
2070,GO:0009512
2071,GO:0031012
2072,GO:0009521
2073,GO:0009522
2074,GO:0009523
2075,GO:0009526
2076,GO:0042170
2077,GO:0009532
2078,GO:0009535
2079,GO:0055035
2080,GO:0009539
2081,GO:0009570
2082,GO:0009579
2083,GO:0009581
2084,GO:0051606
2085,GO:0009582
2086,GO:0009615
2087,GO:0009617
2088,GO:0009612
2089,GO:0051607
2090,GO:0009636
2091,GO:0042752
2092,GO:0009651
2093,GO:0071555
2094,GO:0015399
2095,GO:0042742
2096,GO:0042435
2097,GO:0042537
2098,GO:0031969
2099,GO:0009719
2100,GO:0009725
2101,GO:0009743
2102,GO:0009746
2103,GO:0033993
2104,GO:0097305
2105,GO:0014070
2106,GO:0034284
2107,GO:0009749
2108,GO:0015977
2109,GO:0019685
2110,GO:0009767
2111,GO:0022900
2112,GO:0009772
2113,GO:0009790
2114,GO:0050832
2115,GO:0042445
2116,GO:0009853
2117,GO:0044403
2118,GO:0009889
2119,GO:0019222
2120,GO:0009890
2121,GO:0009892
2122,GO:0009891
2123,GO:0009893
2124,GO:0009894
2125,GO:0009895
2126,GO:0009896
2127,GO:0009897
2128,GO:0098552
2129,GO:0098562
2130,GO:2000241
2131,GO:2000243
2132,GO:0009941
2133,GO:0043200
2134,GO:0010647
2135,GO:0010648
2136,GO:0009982
2137,GO:0009986
2138,GO:0009991
2139,GO:0010008
2140,GO:0010038
2141,GO:0019827
2142,GO:0046889
2143,GO:0016137
2144,GO:0032262
2145,GO:1904062
2146,GO:0010212
2147,GO:1901698
2148,GO:0010181
2149,GO:0032553
2150,GO:0031347
2151,GO:0010243
2152,GO:0030091
2153,GO:0030198
2154,GO:0080134
2155,GO:0034220
2156,GO:0048878
2157,GO:0031099
2158,GO:0065003
2159,GO:0055088
2160,GO:0019207
2161,GO:2000377
2162,GO:0010675
2163,GO:0062014
2164,GO:0099402
2165,GO:0044085
2166,GO:0046873
2167,GO:0098662
2168,GO:0032412
2169,GO:0043067
2170,GO:0080135
2171,GO:0062013
2172,GO:0140056
2173,GO:0010383
2174,GO:0044036
2175,GO:0010389
2176,GO:1902749
2177,GO:0010410
2178,GO:0051171
2179,GO:0016604
2180,GO:0045595
2181,GO:0045597
2182,GO:0010466
2183,GO:0045861
2184,GO:0051346
2185,GO:0052547
2186,GO:0065009
2187,GO:0010494
2188,GO:0010498
2189,GO:0010506
2190,GO:0010507
2191,GO:0031330
2192,GO:0010508
2193,GO:0051924
2194,GO:0060341
2195,GO:0046425
2196,GO:0050730
2197,GO:0045860
2198,GO:0050731
2199,GO:1903362
2200,GO:0010562
2201,GO:0051174
2202,GO:0010563
2203,GO:0090068
2204,GO:0034661
2205,GO:0120032
2206,GO:0010594
2207,GO:0010632
2208,GO:0010634
2209,GO:1902115
2210,GO:0043488
2211,GO:0010821
2212,GO:0010638
2213,GO:0051130
2214,GO:0010639
2215,GO:0051129
2216,GO:0043066
2217,GO:0042981
2218,GO:0043065
2219,GO:0010921
2220,GO:0010923
2221,GO:0010720
2222,GO:0060284
2223,GO:0010721
2224,GO:1902531
2225,GO:1902533
2226,GO:1902532
2227,GO:0043270
2228,GO:0043271
2229,GO:0010769
2230,GO:0010770
2231,GO:0045785
2232,GO:0034762
2233,GO:0034764
2234,GO:0034763
2235,GO:0019722
2236,GO:1905952
2237,GO:0051172
2238,GO:0045934
2239,GO:0043085
2240,GO:0045936
2241,GO:0035303
2242,GO:0051336
2243,GO:0051345
2244,GO:0035305
2245,GO:0010941
2246,GO:0010942
2247,GO:0010948
2248,GO:0010950
2249,GO:0010952
2250,GO:0052548
2251,GO:0010951
2252,GO:0045862
2253,GO:0043269
2254,GO:0072507
2255,GO:0033047
2256,GO:0044070
2257,GO:0030705
2258,GO:0032955
2259,GO:0010975
2260,GO:0045664
2261,GO:0010976
2262,GO:0031346
2263,GO:0045666
2264,GO:0010977
2265,GO:0045665
2266,GO:0090092
2267,GO:0043068
2268,GO:0012505
2269,GO:0012506
2270,GO:0030658
2271,GO:0030660
2272,GO:0030662
2273,GO:0050767
2274,GO:0014069
2275,GO:0099572
2276,GO:0014074
2277,GO:0048634
2278,GO:0098727
2279,GO:0045184
2280,GO:0015035
2281,GO:0015074
2282,GO:0051119
2283,GO:0015252
2284,GO:0022803
2285,GO:0022834
2286,GO:0015293
2287,GO:0015297
2288,GO:0015298
2289,GO:0042625
2290,GO:0015629
2291,GO:0015630
2292,GO:0015669
2293,GO:0015671
2294,GO:0098661
2295,GO:0098739
2296,GO:1901264
2297,GO:0071715
2298,GO:0034219
2299,GO:0015849
2300,GO:0031503
2301,GO:0051180
2302,GO:1901678
2303,GO:0015889
2304,GO:0042908
2305,GO:0044391
2306,GO:0015936
2307,GO:0015937
2308,GO:0034030
2309,GO:0034033
2310,GO:0015939
2311,GO:0015940
2312,GO:0015942
2313,GO:0015979
2314,GO:0015985
2315,GO:1902600
2316,GO:0015986
2317,GO:0015994
2318,GO:0015995
2319,GO:0031224
2320,GO:0016032
2321,GO:0071840
2322,GO:0016053
2323,GO:0016054
2324,GO:0071482
2325,GO:0016075
2326,GO:0016114
2327,GO:1901616
2328,GO:0016149
2329,GO:0016151
2330,GO:0016168
2331,GO:0046906
2332,GO:0016197
2333,GO:0016202
2334,GO:1901861
2335,GO:0043169
2336,GO:0016226
2337,GO:0031163
2338,GO:0016236
2339,GO:0016241
2340,GO:0016247
2341,GO:0016259
2342,GO:0016260
2343,GO:0016282
2344,GO:0070993
2345,GO:0016772
2346,GO:0016323
2347,GO:0016324
2348,GO:0061134
2349,GO:0070603
2350,GO:0045765
2351,GO:0140104
2352,GO:0032446
2353,GO:0016571
2354,GO:0016573
2355,GO:0018393
2356,GO:0016579
2357,GO:0016592
2358,GO:0016597
2359,GO:0016607
2360,GO:0016675
2361,GO:0016679
2362,GO:0016701
2363,GO:0051213
2364,GO:0016725
2365,GO:0016730
2366,GO:0016746
2367,GO:0016748
2368,GO:0016796
2369,GO:0016817
2370,GO:0016825
2371,GO:0016835
2372,GO:0016855
2373,GO:0016869
2374,GO:0016893
2375,GO:0016894
2376,GO:0019783
2377,GO:0016984
2378,GO:0016992
2379,GO:0016998
2380,GO:0016999
2381,GO:0017144
2382,GO:0031267
2383,GO:0019904
2384,GO:0034703
2385,GO:0017076
2386,GO:0017080
2387,GO:0017137
2388,GO:0017124
2389,GO:0032269
2390,GO:0060627
2391,GO:1903305
2392,GO:0018202
2393,GO:0018209
2394,GO:0018198
2395,GO:0018022
2396,GO:0018394
2397,GO:0018193
2398,GO:0018298
2399,GO:0018105
2400,GO:0018106
2401,GO:0043687
2402,GO:0018995
2403,GO:0019001
2404,GO:0019012
2405,GO:0019013
2406,GO:0044423
2407,GO:0019028
2408,GO:0019030
2409,GO:0019031
2410,GO:0036338
2411,GO:0019048
2412,GO:0044003
2413,GO:0019049
2414,GO:0030682
2415,GO:0044068
2416,GO:0019056
2417,GO:0039656
2418,GO:0052026
2419,GO:0044766
2420,GO:0019062
2421,GO:0044650
2422,GO:0019064
2423,GO:0039663
2424,GO:0019065
2425,GO:0075509
2426,GO:0019076
2427,GO:0035891
2428,GO:0019079
2429,GO:0019083
2430,GO:0019134
2431,GO:0019208
2432,GO:0019216
2433,GO:0019217
2434,GO:0019221
2435,GO:0019253
2436,GO:0019262
2437,GO:0019264
2438,GO:0019276
2439,GO:0019277
2440,GO:0019284
2441,GO:0071267
2442,GO:0019288
2443,GO:0019682
2444,GO:0046364
2445,GO:0044275
2446,GO:0046174
2447,GO:0019363
2448,GO:0019362
2449,GO:0072525
2450,GO:0043173
2451,GO:0034440
2452,GO:0019405
2453,GO:0019430
2454,GO:0098869
2455,GO:0019478
2456,GO:0019464
2457,GO:0046416
2458,GO:0043102
2459,GO:0019509
2460,GO:0019556
2461,GO:0043606
2462,GO:0019557
2463,GO:0019563
2464,GO:0019684
2465,GO:0043545
2466,GO:0042592
2467,GO:0019730
2468,GO:0019825
2469,GO:0019835
2470,GO:0019871
2471,GO:0019877
2472,GO:0019897
2473,GO:0019898
2474,GO:0019902
2475,GO:0051235
2476,GO:0019935
2477,GO:0043632
2478,GO:0020002
2479,GO:0033644
2480,GO:0033655
2481,GO:0033643
2482,GO:0044406
2483,GO:0020037
2484,GO:0030036
2485,GO:0022408
2486,GO:0051961
2487,GO:0051960
2488,GO:0051962
2489,GO:0022406
2490,GO:0022407
2491,GO:0022409
2492,GO:0050793
2493,GO:0022613
2494,GO:0071826
2495,GO:0022625
2496,GO:0022627
2497,GO:0022898
2498,GO:0032409
2499,GO:0055080
2500,GO:0030018
2501,GO:0030027
2502,GO:0030029
2503,GO:0030030
2504,GO:0030054
2505,GO:0030060
2506,GO:0048534
2507,GO:0030100
2508,GO:0030117
2509,GO:0030133
2510,GO:0030135
2511,GO:0030139
2512,GO:0099503
2513,GO:0030145
2514,GO:0030162
2515,GO:0051246
2516,GO:0030170
2517,GO:0070279
2518,GO:0090329
2519,GO:0030176
2520,GO:0031227
2521,GO:0030177
2522,GO:0061041
2523,GO:0043062
2524,GO:0030243
2525,GO:0030246
2526,GO:0071806
2527,GO:0030259
2528,GO:0070085
2529,GO:0030278
2530,GO:0042597
2531,GO:0030288
2532,GO:0030546
2533,GO:0030307
2534,GO:0045927
2535,GO:0030308
2536,GO:0045926
2537,GO:0031975
2538,GO:2000145
2539,GO:2000147
2540,GO:2000146
2541,GO:1903008
2542,GO:0030424
2543,GO:0043005
2544,GO:0030425
2545,GO:0030426
2546,GO:0030430
2547,GO:0033646
2548,GO:0030433
2549,GO:0036503
2550,GO:0043161
2551,GO:0030435
2552,GO:0043934
2553,GO:0030496
2554,GO:0090287
2555,GO:0090288
2556,GO:0050770
2557,GO:0048640
2558,GO:0120114
2559,GO:0060090
2560,GO:0048562
2561,GO:0031072
2562,GO:0030545
2563,GO:0060326
2564,GO:0046436
2565,GO:0046144
2566,GO:0030641
2567,GO:0030659
2568,GO:0052200
2569,GO:0030683
2570,GO:0050690
2571,GO:0030684
2572,GO:0030687
2573,GO:0060589
2574,GO:0030856
2575,GO:0032956
2576,GO:0030833
2577,GO:1901879
2578,GO:0051494
2579,GO:0051495
2580,GO:1902905
2581,GO:0032273
2582,GO:0050670
2583,GO:0050864
2584,GO:0050671
2585,GO:0031420
2586,GO:0030956
2587,GO:0030964
2588,GO:0098655
2589,GO:0030976
2590,GO:0030983
2591,GO:0046677
2592,GO:0046578
2593,GO:1901891
2594,GO:0031047
2595,GO:0031056
2596,GO:0070507
2597,GO:1902903
2598,GO:0031119
2599,GO:0043628
2600,GO:0120036
2601,GO:0031225
2602,GO:0031300
2603,GO:1902493
2604,GO:0031253
2605,GO:0031256
2606,GO:0043086
2607,GO:0051251
2608,GO:0050870
2609,GO:0098573
2610,GO:0032592
2611,GO:1990351
2612,GO:0044089
2613,GO:0051051
2614,GO:0051050
2615,GO:0031344
2616,GO:0031396
2617,GO:1903320
2618,GO:1903322
2619,GO:0032270
2620,GO:0043177
2621,GO:0097708
2622,GO:1903311
2623,GO:1903312
2624,GO:0050684
2625,GO:0042393
2626,GO:0031514
2627,GO:0034708
2628,GO:0031554
2629,GO:0031564
2630,GO:2001257
2631,GO:0140030
2632,GO:0045202
2633,GO:0031625
2634,GO:0044389
2635,GO:0031640
2636,GO:0031644
2637,GO:0044057
2638,GO:0031647
2639,GO:0051716
2640,GO:0071496
2641,GO:0070887
2642,GO:0042651
2643,GO:0031901
2644,GO:0031902
2645,GO:0048167
2646,GO:0060968
2647,GO:0031960
2648,GO:0048545
2649,GO:0031974
2650,GO:0031984
2651,GO:0031982
2652,GO:0043227
2653,GO:0043233
2654,GO:0040011
2655,GO:0034605
2656,GO:0032954
2657,GO:0032006
2658,GO:0045335
2659,GO:0050714
2660,GO:0050796
2661,GO:0044782
2662,GO:0045727
2663,GO:0045935
2664,GO:0051053
2665,GO:0051054
2666,GO:0043433
2667,GO:0043393
2668,GO:0051100
2669,GO:0051099
2670,GO:0051651
2671,GO:0032153
2672,GO:0032182
2673,GO:0033044
2674,GO:2001251
2675,GO:2001252
2676,GO:0050804
2677,GO:0051049
2678,GO:0051648
2679,GO:0051650
2680,GO:0032259
2681,GO:0032261
2682,GO:0051248
2683,GO:0051247
2684,GO:0046887
2685,GO:0032300
2686,GO:0032309
2687,GO:0032355
2688,GO:0042822
2689,GO:0032386
2690,GO:0032388
2691,GO:0044092
2692,GO:0032411
2693,GO:0044093
2694,GO:0034765
2695,GO:0032414
2696,GO:0034767
2697,GO:0051640
2698,GO:0032434
2699,GO:0061136
2700,GO:2000058
2701,GO:1901800
2702,GO:0070647
2703,GO:0032465
2704,GO:0051781
2705,GO:1901652
2706,GO:0032496
2707,GO:0045185
2708,GO:0043666
2709,GO:0090066
2710,GO:0050795
2711,GO:0032543
2712,GO:0032549
2713,GO:0032555
2714,GO:1901654
2715,GO:0097060
2716,GO:1903555
2717,GO:0032680
2718,GO:0043462
2719,GO:0032781
2720,GO:0032784
2721,GO:1903364
2722,GO:0051249
2723,GO:0051250
2724,GO:0045619
2725,GO:0099568
2726,GO:0032868
2727,GO:0043434
2728,GO:0071375
2729,GO:0032870
2730,GO:0071310
2731,GO:0071495
2732,GO:0032872
2733,GO:0043408
2734,GO:0070302
2735,GO:0043409
2736,GO:0032874
2737,GO:0043410
2738,GO:0070304
2739,GO:0032879
2740,GO:0032880
2741,GO:0032886
2742,GO:0051983
2743,GO:0140352
2744,GO:0032944
2745,GO:0070663
2746,GO:0032946
2747,GO:0070665
2748,GO:0032970
2749,GO:0051205
2750,GO:0033108
2751,GO:0032989
2752,GO:0032990
2753,GO:0051179
2754,GO:0045580
2755,GO:0042129
2756,GO:0043484
2757,GO:0051253
2758,GO:0033135
2759,GO:0033157
2760,GO:0051223
2761,GO:1903827
2762,GO:0033177
2763,GO:0033178
2764,GO:0046683
2765,GO:0051173
2766,GO:0033281
2767,GO:0033290
2768,GO:0051098
2769,GO:0042744
2770,GO:0033365
2771,GO:0033500
2772,GO:0033647
2773,GO:0033648
2774,GO:0044414
2775,GO:0043549
2776,GO:0033674
2777,GO:0051348
2778,GO:0051347
2779,GO:0033862
2780,GO:0033865
2781,GO:0033866
2782,GO:0043069
2783,GO:0052031
2784,GO:0052040
2785,GO:0097747
2786,GO:0034097
2787,GO:0051259
2788,GO:0043087
2789,GO:0043900
2790,GO:0034330
2791,GO:0034357
2792,GO:0034401
2793,GO:0061630
2794,GO:0062197
2795,GO:0034612
2796,GO:0034614
2797,GO:1901701
2798,GO:0034755
2799,GO:1904064
2800,GO:0035150
2801,GO:0035296
2802,GO:1903706
2803,GO:1903707
2804,GO:1903708
2805,GO:0097502
2806,GO:0035304
2807,GO:0045937
2808,GO:0048858
2809,GO:0035335
2810,GO:0035384
2811,GO:0035435
2812,GO:0071345
2813,GO:0045766
2814,GO:1901342
2815,GO:0071902
2816,GO:0071901
2817,GO:0035529
2818,GO:0043242
2819,GO:0071692
2820,GO:0035596
2821,GO:0050497
2822,GO:0098732
2823,GO:0044409
2824,GO:0042493
2825,GO:0071241
2826,GO:1901699
2827,GO:0035725
2828,GO:0070848
2829,GO:0071363
2830,GO:0051704
2831,GO:0035770
2832,GO:0055076
2833,GO:0035792
2834,GO:0043190
2835,GO:0035821
2836,GO:0071248
2837,GO:0035890
2838,GO:0052126
2839,GO:0052204
2840,GO:0044362
2841,GO:0071407
2842,GO:0071417
2843,GO:0035998
2844,GO:0051066
2845,GO:0035999
2846,GO:0036064
2847,GO:1901269
2848,GO:0075136
2849,GO:0036218
2850,GO:0072657
2851,GO:0036230
2852,GO:0036265
2853,GO:0046777
2854,GO:0036294
2855,GO:0071453
2856,GO:0071396
2857,GO:0036361
2858,GO:0072659
2859,GO:0043487
2860,GO:0101005
2861,GO:0039507
2862,GO:0039502
2863,GO:0039503
2864,GO:0060339
2865,GO:0075114
2866,GO:0052170
2867,GO:0075528
2868,GO:0052562
2869,GO:0039506
2870,GO:0052055
2871,GO:0052056
2872,GO:0052029
2873,GO:0039653
2874,GO:0039657
2875,GO:0075111
2876,GO:0039654
2877,GO:0044800
2878,GO:0046718
2879,GO:0075733
2880,GO:0039694
2881,GO:0046755
2882,GO:0040012
2883,GO:0040013
2884,GO:0040017
2885,GO:0048639
2886,GO:0042025
2887,GO:0042026
2888,GO:2001057
2889,GO:0050863
2890,GO:0042132
2891,GO:0042157
2892,GO:0042158
2893,GO:0042176
2894,GO:0042177
2895,GO:0042254
2896,GO:0042273
2897,GO:0042274
2898,GO:0042286
2899,GO:0046822
2900,GO:1900180
2901,GO:0090316
2902,GO:0042383
2903,GO:0042450
2904,GO:0042451
2905,GO:0042542
2906,GO:0071554
2907,GO:0098803
2908,GO:0042743
2909,GO:0042773
2910,GO:0042777
2911,GO:0052572
2912,GO:0042802
2913,GO:0042803
2914,GO:0046983
2915,GO:0044872
2916,GO:0051224
2917,GO:0051222
2918,GO:0043022
2919,GO:0043025
2920,GO:0044297
2921,GO:0043038
2922,GO:0060548
2923,GO:0043093
2924,GO:0043122
2925,GO:0043123
2926,GO:0043130
2927,GO:0043281
2928,GO:0043167
2929,GO:0098533
2930,GO:0098793
2931,GO:0043197
2932,GO:0044309
2933,GO:0098794
2934,GO:0043204
2935,GO:0043229
2936,GO:0043230
2937,GO:0043266
2938,GO:2001056
2939,GO:2000116
2940,GO:0043335
2941,GO:0051101
2942,GO:0090276
2943,GO:0043405
2944,GO:0043419
2945,GO:0051090
2946,GO:0061013
2947,GO:0046328
2948,GO:0043523
2949,GO:1901214
2950,GO:0043524
2951,GO:1901215
2952,GO:0043531
2953,GO:0051189
2954,GO:0043547
2955,GO:0051338
2956,GO:0043590
2957,GO:0046128
2958,GO:0043772
2959,GO:0043811
2960,GO:0043908
2961,GO:0043953
2962,GO:0052027
2963,GO:0051817
2964,GO:0070589
2965,GO:0051056
2966,GO:0044165
2967,GO:0044167
2968,GO:0044177
2969,GO:0044179
2970,GO:0051715
2971,GO:0044205
2972,GO:0044206
2973,GO:0044208
2974,GO:0044209
2975,GO:0044210
2976,GO:0044359
2977,GO:0060271
2978,GO:0044501
2979,GO:0051192
2980,GO:0046794
2981,GO:1902579
2982,GO:0044769
2983,GO:0044770
2984,GO:0044781
2985,GO:0044803
2986,GO:0045121
2987,GO:1990778
2988,GO:0045017
2989,GO:0072599
2990,GO:1903900
2991,GO:0098857
2992,GO:0045156
2993,GO:0045158
2994,GO:0045211
2995,GO:0045296
2996,GO:0045454
2997,GO:0045471
2998,GO:0045732
2999,GO:0045787
3000,GO:1904018
3001,GO:0045807
3002,GO:0045833
3003,GO:0045834
3004,GO:0045931
3005,GO:1903507
3006,GO:1903508
3007,GO:0046167
3008,GO:0046168
3009,GO:1904892
3010,GO:0051236
3011,GO:0046686
3012,GO:0050792
3013,GO:0046835
3014,GO:0051641
3015,GO:0051588
3016,GO:0046933
3017,GO:0046982
3018,GO:0047451
3019,GO:0048033
3020,GO:0048034
3021,GO:0048038
3022,GO:0048046
3023,GO:0051321
3024,GO:0048471
3025,GO:0048660
3026,GO:1903034
3027,GO:0061138
3028,GO:0050773
3029,GO:0050380
3030,GO:0050482
3031,GO:1903963
3032,GO:0050511
3033,GO:0050515
3034,GO:0050567
3035,GO:0050657
3036,GO:0050660
3037,GO:0050661
3038,GO:0050708
3039,GO:0065007
3040,GO:0099177
3041,GO:0050807
3042,GO:0050821
3043,GO:0050829
3044,GO:0050830
3045,GO:0050851
3046,GO:1903039
3047,GO:0050897
3048,GO:0050906
3049,GO:0050907
3050,GO:0050911
3051,GO:0050992
3052,GO:0050993
3053,GO:0051082
3054,GO:0061077
3055,GO:0051087
3056,GO:0051092
3057,GO:0051147
3058,GO:1904951
3059,GO:0070201
3060,GO:1904950
3061,GO:0051260
3062,GO:0051262
3063,GO:0051270
3064,GO:1903169
3065,GO:0051287
3066,GO:0051384
3067,GO:0051499
3068,GO:0051536
3069,GO:0051540
3070,GO:0051537
3071,GO:0051539
3072,GO:0051896
3073,GO:1901888
3074,GO:0051991
3075,GO:0051992
3076,GO:0052312
3077,GO:0052205
3078,GO:0052553
3079,GO:0052167
3080,GO:0052173
3081,GO:2001141
3082,GO:0052381
3083,GO:0052863
3084,GO:0052865
3085,GO:0052906
3086,GO:0052908
3087,GO:0055036
3088,GO:0055037
3089,GO:0098771
3090,GO:0055129
3091,GO:2000142
3092,GO:0060338
3093,GO:0060491
3094,GO:0060828
3095,GO:0090090
3096,GO:0072665
3097,GO:0061659
3098,GO:1903561
3099,GO:0061711
3100,GO:0072583
3101,GO:0070037
3102,GO:0070038
3103,GO:0070040
3104,GO:0070043
3105,GO:0070062
3106,GO:0070180
3107,GO:0070181
3108,GO:0070372
3109,GO:0070374
3110,GO:0070402
3111,GO:1990748
3112,GO:0070475
3113,GO:0070476
3114,GO:0070585
3115,GO:0070813
3116,GO:0070814
3117,GO:0070929
3118,GO:0070972
3119,GO:0071013
3120,GO:0071214
3121,GO:0104004
3122,GO:0071219
3123,GO:0071222
3124,GO:1901653
3125,GO:0071265
3126,GO:0071424
3127,GO:0071456
3128,GO:0071478
3129,GO:1901571
3130,GO:0071805
3131,GO:0071944
3132,GO:0071949
3133,GO:0071951
3134,GO:0071973
3135,GO:0097588
3136,GO:0072686
3137,GO:0075109
3138,GO:0075112
3139,GO:0075732
3140,GO:0075512
3141,GO:2001233
3142,GO:2001235
3143,GO:2001234
3144,GO:1905475
3145,GO:1903829
3146,GO:0090729
3147,GO:0097056
3148,GO:0097428
3149,GO:0099081
3150,GO:0098660
3151,GO:0099240
3152,GO:0099537
3153,GO:0098978
3154,GO:0099699
3155,GO:0099536
3156,GO:0101030
3157,GO:0102552
3158,GO:0102553
3159,GO:0102567
3160,GO:0102568
3161,GO:0106004
3162,GO:0106026
3163,GO:0106029
3164,GO:0106074
3165,GO:0140078
3166,GO:1903037
3167,GO:1901987
3168,GO:1901988
3169,GO:1901989
3170,GO:2001236
3171,GO:2001242
3172,GO:1902476
3173,GO:1905348
3174,GO:1902679
3175,GO:1902680
3176,GO:1902806
3177,GO:1903825
3178,GO:1904047
3179,GO:2001293
3180,GO:2001295
